Customer_ID,Total_Spending,Purchase_Frequency,Recency,CLV,Cluster,Agg_Cluster,DBSCAN_Cluster
0094620e1ebdd335e17cf53bbc69692b,27740,12,289,332880,0,2,0
00bb720496e4ea66963888bf947227f8,6460,2,623,12920,0,2,0
017debf017682242b256806a017e6bde,8090,3,134,24270,0,2,0
01866f5abe89600d59b8e712da5fd5b8,4800,2,270,9600,0,2,0
01d1dfcae85947cb2ed87d2a274e8dd3,7200,4,221,28800,0,2,0
01d9387f9bbc18bbfcc87ecd1b197e1e,7640,4,249,30560,0,2,0
01de90dc75ebcdee72542c477bf91095,5200,4,1400,20800,1,3,0
025e6be16ca429dbc08b4bda7320656f,2800,2,270,5600,0,2,0
029834aa8e03b4a0a78be67e72fcf8ef,1800,1,725,1800,1,2,0
02b8dcdff7af6eb4ca48d0bd4e25f571,8240,4,120,32960,0,2,0
032e140767e1a9cbdd0db3b088108d37,5800,4,1298,23200,1,3,0
0367d05727d9699881cd6d0b746468d2,38050,21,29,799050,3,0,0
03697a1eb496553998ab883e94c79540,31160,19,974,592040,3,0,0
03a805c15d134aa0b98097189e78bfd5,6600,4,1093,26400,1,3,0
0426eb4b13d40c374ad383ab9559f9e4,6050,2,430,12100,0,2,0
04584805b0c666a03b84083b679281ec,36640,21,200,769440,3,0,0
045969abf9d1c460122f82a1eb249b67,5400,3,1032,16200,1,3,0
046d6e8b78366daa9908808f0ee27347,3560,2,826,7120,1,2,0
0495354636935a3fe559e3f098d969ec,156390,103,23,16108170,2,1,-1
04c5b50b57c485299824e20854cf3a5c,1600,1,1145,1600,1,3,0
04da85d9486301500e0785967ad58299,2100,1,179,2100,0,2,0
050327f8e0299aebcdbb7f17693c4291,2220,1,346,2220,0,2,0
051fbee54f2f02bf9fddf688fcc2dc9c,13700,8,1362,109600,1,3,0
05552a4d351e35df651029393c4af789,1580,1,669,1580,0,2,0
05881825aa1f13e8afff989369d0b55a,16720,10,553,167200,0,2,0
060a8142946dd1042d4033b878af4a6f,4800,3,1089,14400,1,3,0
0656b1234c508c48958bf6a94f24f0c5,2500,1,508,2500,0,2,0
06653d30654dc42387344aa712381182,3450,2,347,6900,0,2,0
068e35df39622952ee339fd6df3f58f5,2950,1,281,2950,0,2,0
06a971ba62171da37ebaa3dd9d8ae1c4,3760,2,1004,7520,1,3,0
070bc46adf571747b2179d38caf99d56,4440,2,374,8880,0,2,0
07379c0039038f772f8ff65acea0d061,6700,3,248,20100,0,2,0
076801be0e548cb831d85b5b0e606c2d,12580,5,120,62900,0,2,0
077b94551bfaf8b231daade8f901c75d,1600,1,1242,1600,1,3,0
07cec7a4b3c7bcad7d710dfc247dd62b,1700,1,1558,1700,1,3,0
080ad22a39c33cffaeb1ada9e0ec0a3f,13820,6,202,82920,0,2,0
08cf30806c6e22494f67788c5121cc42,1900,1,188,1900,0,2,0
08da2dd22e4cb8969e0b3c6da4effd9a,2230,1,100,2230,0,2,0
09815259c0b82887753b29a2d2dade8c,1500,1,857,1500,1,2,0
0a024aacec346913c5244d8d0a79ff0a,8620,4,634,34480,0,2,0
0a06d9ebda71f8b4e1b707553c2601bc,17350,9,861,156150,1,0,0
0a31dc334f9941ba48319529fa43a507,5050,2,29,10100,0,2,0
0a368320919a977c8d3b852a039ad5d4,4160,2,109,8320,0,2,0
0a3e3804ca816102bf8812379e04861a,9530,5,190,47650,0,2,0
0a551e9c49b004d5af7cb884d0186df5,1000,1,3,1000,0,2,0
0aa1d74a2aaf972060a6e17a5cc3ff2a,5800,3,592,17400,0,2,0
0b210316031c9901528fd24b06e9fb6d,4160,2,436,8320,0,2,0
0b23cb30afcea4ae5890cdb45bc1bbf1,3820,1,272,3820,0,2,0
0b676dcde93c0391d254ae019a0fa39b,6700,3,587,20100,0,2,0
0b7a501c8816f82310e1fa8589502bb1,2900,1,106,2900,0,2,0
0b865d623c2342f8ef1d21cf124bbec0,7520,3,442,22560,0,2,0
0c0f4203dd64489d17d0c06b1708abba,3100,2,1159,6200,1,3,0
0c82d6835e5a9c0c2489d63948cb2fc0,4200,2,802,8400,1,2,0
0c89ac3f9852a48064d6ff39a0a052d7,8680,3,149,26040,0,2,0
0cc223dc29c8ea8f334ed4c747ec1cba,1600,1,1258,1600,1,3,0
0cf123830d307475204f3df80dd5dbb3,4520,3,1361,13560,1,3,0
0cf264e4bdefb0ef3f02396736ee4b09,1820,1,387,1820,0,2,0
0cfbeb622dbf528ff6b8115b121db2d4,4450,2,51,8900,0,2,0
0d2280357670edb49224a6cc98bdcd82,4440,2,371,8880,0,2,0
0d6360ded7c2cf117e338676be5cd3c3,5200,3,1395,15600,1,3,0
0dbde39eecf3f6731575076bb8b2a41c,2900,1,107,2900,0,2,0
0dd7d266c189a50dc0e0222c94b8b7e1,32850,21,181,689850,3,0,0
0e0203b47054a972900ba3ccecff250b,1980,1,1040,1980,1,3,0
0e5b5f74f56f298b9e08ae0d87c7b286,11400,6,877,68400,1,2,0
0fdfe24197b48d4098229f0401a6e8ef,7090,3,114,21270,0,2,0
10611c1a3e950ecf69a2a055193f9a7c,14680,6,725,88080,1,2,0
10e471bd1d186411024390bcbba9e937,9400,5,1093,47000,1,3,0
1105cfced1cb9488742537f5fa5f54c5,6020,3,748,18060,1,2,0
11beeb4ddfedc3e8edb139f972ef8457,12980,5,183,64900,0,2,0
11cea1917e6a90827a9771a91b153637,800,1,1227,800,1,3,0
11fec57bb41334763bfce15b57e9cbf6,3100,5,949,15500,1,3,0
12c12a65294f4e94b36bd3fbbb2b6f81,3200,2,1347,6400,1,3,0
12c27b489c472a6447f987165afcc329,4400,5,126,22000,0,2,0
12ecffa21232d93e934b032197a26fca,2830,1,115,2830,0,2,0
131e375dff7d7b76e9edc605951e0805,2220,1,296,2220,0,2,0
135a10a552cab83f8215883ef41e8e03,1900,1,267,1900,0,2,0
1374797d10cd917e17423a2aca335186,4800,3,1400,14400,1,3,0
139ba195feb901405de23703056d6c69,550,1,1425,550,1,3,0
13a044410512658cae4cbf3a2e5322ef,2500,1,37,2500,0,2,0
13bbeed01c4d6f42e91b45100b87fe3b,6200,4,884,24800,1,2,0
140aa8fdd0e5cb87224d7e521d0170c5,14900,10,1024,149000,1,0,0
1537d8d74d6e43c73f23ded601ec46f9,5200,3,1089,15600,1,3,0
1543e8c3d7fe9a29cd6ad053be42c65f,13450,6,725,80700,1,2,0
15994535622bacabccd8f179281b603a,70290,41,113,2881890,3,0,0
15c05c5ce230dae8cdee00eb1ce5a7f3,3550,1,333,3550,0,2,0
163273b7b8159ec01b8711d6399fd9ca,1100,2,1382,2200,1,3,0
16dd4653dbab3cd4c6bd0f017a4e25bd,3000,2,1383,6000,1,3,0
175ef6736177796e0054450c4aa64146,14500,12,435,174000,0,2,0
1766b7777bb9cb08196f430163eeea40,15000,7,133,105000,0,2,0
179857679b8aa1e061363c8c2c17a319,3200,2,1135,6400,1,3,0
179ccc88613ba77d15228139e6e007ce,3550,1,321,3550,0,2,0
179e0a58afb8152fb6a099044429c5fe,1500,1,438,1500,0,2,0
17b5932e992f9c0a5172ff552159d699,2800,1,74,2800,0,2,0
187f27294a1872934fe627106a10afa1,7600,4,200,30400,0,2,0
18c0d9601f05e82438feaa535a177d7a,3400,2,1138,6800,1,3,0
18c9dadec9561b276da0758331fbef01,6000,2,308,12000,0,2,0
190780152ae1ac8777308946ea6bc437,21620,13,53,281060,0,2,0
19095f26e9a2e1ff1d15db9b022d1f39,1920,1,413,1920,0,2,0
190ee7a74e8e56cc1758fad3e0de34f2,5640,3,745,16920,1,2,0
1a315bf1b4fe7a3f3edcec81b227bdcf,11600,4,118,46400,0,2,0
1ae1b056c39d302bc7d8a381ba9c20a9,28640,14,967,400960,1,0,0
1b35f6016c4aff63c0bd5ea50253b158,15900,6,125,95400,0,2,0
1b3d1aa9411561dc4f0684175c79678c,6240,3,675,18720,0,2,0
1b40471ca53b763663ba283afc06903b,2200,1,1087,2200,1,3,0
1b98fe70b8b216f71aceb512d763f929,1920,1,442,1920,0,2,0
1be5273aceb2c8217f39447efb6bcdeb,7400,2,277,14800,0,2,0
1c1253c25827e2b5c6541262882e48df,2250,1,424,2250,0,2,0
1c2a5683ab5826555c175462eaa5e59a,2200,3,315,6600,0,2,0
1d035770e4e6cd581068490065173a41,2200,1,755,2200,1,2,0
1d184e35d65a2f133814555057380d47,3520,1,353,3520,0,2,0
1d35685ad225427b524ae1676523aa8b,40540,17,121,689180,3,0,0
1d45d025a4804b798a2bd63c4799743c,10350,5,195,51750,0,2,0
1d706491cf1e40988c0b57adb45d9fce,5400,3,1109,16200,1,3,0
1d818b904d0eb907451575ef6432274b,6700,4,646,26800,0,2,0
1da298d16c6d3001c789657287941c23,6800,4,1131,27200,1,3,0
1daf3994d43bdcd59a10f7efe6e006c8,11400,7,1197,79800,1,3,0
1dc84220deb587ba0cde3525012c5557,1600,1,725,1600,1,2,0
1dff28ca75b72035846b1be06ac2e875,8600,4,343,34400,0,2,0
1e597b4f2bf7aa2168de19f52ff9ecc3,6180,3,231,18540,0,2,0
1e91447196950a370022c4c5f996cee4,2050,1,725,2050,1,2,0
1fb33a8bae89f2940624f48cb819f0b1,16920,9,945,152280,1,0,0
2024aee7e1c5b2bb11b9a249da4a5d61,1930,1,154,1930,0,2,0
2025c8325bc6aba8635fd086899e5c72,700,1,1365,700,1,3,0
202f4c3a71f3788501b91d9418771cf8,1500,1,515,1500,0,2,0
20400699678be0d29f725c9780f29515,3150,1,1014,3150,1,3,0
205008ca188b4a3e46f112e3fc108108,5600,3,541,16800,0,2,0
20b893dde5d8aac75be6dbd8a4ba81ab,550,1,1374,550,1,3,0
2148ef59df3b9c6134e3783f9aba6344,3000,2,1264,6000,1,3,0
21733a243eeb2576e57ccd1e856f6359,18580,9,134,167220,0,2,0
218610e537bf04cb5366fa605799c37a,2580,1,989,2580,1,3,0
2222cbfc10789e9162cd58443d9c4333,3520,1,336,3520,0,2,0
223192f3dfc421c2577c887bf1c22b92,4000,2,867,8000,1,2,0
225b1c6e5739ea4677160ccf75748df3,1200,1,1373,1200,1,3,0
225f76d158ae72ca38878a2b82ecf260,3830,1,18,3830,0,2,0
22602eca9b4130b5d2ddce04d10cf9c7,25600,13,170,332800,0,2,0
233524a2870d6b57948ecaa7f6425111,5050,2,128,10100,0,2,0
2417c390ae5acfebb9348999a94dc48a,6850,4,932,27400,1,3,0
241913bf4e961e993cce4b72f6dff158,23400,15,95,351000,0,2,0
242c2a32a35263de563997c624d7d8e1,5340,2,491,10680,0,2,0
2436fe575664030ed976a8127c5f4c08,6180,2,214,12360,0,2,0
24d7ee0687a4ad30bbdac6edfe634fe8,8190,7,38,57330,0,2,0
24f2ffc93f2971366a8cf545297a6b42,4440,2,344,8880,0,2,0
250d66e10f035bfca22eb604b5a40731,2250,1,517,2250,0,2,0
2538a0fba3019512ce8c111176ee4dec,4600,2,1102,9200,1,3,0
25d296a193cdbac988babbb0b9b3414a,10180,4,311,40720,0,2,0
261e63cf141cd18fd90f0a7801d8ac6f,31100,18,1106,559800,3,0,0
264b40fa484ad89909d0392547ade3f7,1200,4,529,4800,0,2,0
268972a9f8bc6c8854ed3f9272c2f03a,5640,3,816,16920,1,2,0
26c8b6bb6b849df014f34db5c0201ca2,18590,9,199,167310,0,2,0
26d47ff04363635e3f81540faa4b59b1,20850,11,66,229350,0,2,0
26ea1b37b0ee9493fec2ac03e6aca0f5,16560,9,831,149040,1,0,0
26f9225ef863ed51afb46ae3bcafdbf4,13000,7,1056,91000,1,3,0
270b177332a4a9305e9f03250d1a6d41,6400,4,1107,25600,1,3,0
27228a6f19bcba9e5a6ce29806fa6f9b,9450,6,1266,56700,1,3,0
27b93058d2bae89c362d68ca3d9a3c41,500,1,1425,500,1,3,0
282cd652382802eb9e28203b1106d27f,4530,2,1052,9060,1,3,0
2834c2b054eca97cde96f3b922e2497f,4500,3,988,13500,1,3,0
287104cbaae452235372bb0eebee7f1a,3600,2,442,7200,0,2,0
2875e08416459375cd2b4d7159acf877,4600,3,1379,13800,1,3,0
288600a1284f13ee8bff84f423fd0699,11750,8,854,94000,1,2,0
28c7848ff19e52d41e2e22f51f76af21,10150,4,119,40600,0,2,0
28f577fc1f3ee53504b8123177266f31,5300,5,107,26500,0,2,0
28fa6f698edd23cc5a5ebd77ca6641fb,7200,3,541,21600,0,2,0
291b68453f2818092f455196ebca7ec5,3760,2,968,7520,1,3,0
2933e61bb998e23b6361083f59880be8,7380,3,316,22140,0,2,0
2a106a04ca48a7c862bee69643b45c94,7900,5,529,39500,0,2,0
2a3f4aea36c5cede2f95905a570e4875,63950,27,371,1726650,3,0,0
2a4fda4bac9a193cad18049c084c6b4d,5000,3,760,15000,1,2,0
2a79378965c4c8289fb9af108d850746,31400,24,1004,753600,3,0,0
2a9be1017e6c48571b004c0fa163bbab,4800,3,1066,14400,1,3,0
2ab6b4c602b0a3f9771af8695ad20375,2220,1,338,2220,0,2,0
2ac5b65df60a4ef5257fc2bbf04b7040,3560,2,980,7120,1,3,0
2afb80765d9384b4a71f900aff5be96c,27490,17,433,467330,0,0,0
2b468e392a989136511db9629ebcd5d5,1700,1,1228,1700,1,3,0
2bb5cfc60709b350698456236a854e02,2220,1,373,2220,0,2,0
2c18ba0e86b12358496b1d9a29b7d312,2780,1,692,2780,1,2,0
2cdd01fde00b70f25d3bb23aa05b28d4,3840,2,345,7680,0,2,0
2cfd23d6df4b0f2de092544d416826f6,5940,3,681,17820,0,2,0
2d4f09326d07d5c8b0bd24e896dbcd27,4160,2,1079,8320,1,3,0
2d53f4a79f1a2b192955ca53adcfc571,5500,3,1072,16500,1,3,0
2dc34aa7994d49a4775efa7bc66fc54d,11540,7,515,80780,0,2,0
2debfdee2f3e0b14c0ef15b8d56d8bf0,1900,1,352,1900,0,2,0
2e085fdb875daf439e04a680201c8ad7,3550,1,343,3550,0,2,0
2e1ecf8bf5bccf6e7786ec12a9b6f2a0,6500,3,336,19500,0,2,0
2e3646342069ce03e3eed2fa6263b66e,44630,28,1064,1249640,3,0,0
2e4306d2b852f447ce6c31f3a25bce41,2430,1,195,2430,0,2,0
2e58ea13287105c87a4098208684419a,1500,1,1142,1500,1,3,0
2f29d4cf112c5b41579a7aeecd3dd487,3200,2,1309,6400,1,3,0
2fc67f9cb73e65b4b88c9b8c251823db,3200,2,1178,6400,1,3,0
2fe908352d4b534f8dec0ffeb7267c09,1880,1,1067,1880,1,3,0
30018c931d58c24d40a2961ad078a765,7400,3,114,22200,0,2,0
306f078388c1496a0f7be5744b9f9474,14100,6,403,84600,0,2,0
307133cdf3cb5c2cec2e9a2716466553,1820,1,372,1820,0,2,0
30849ca1cb5549c5dc8923dd4b092866,3380,2,850,6760,1,2,0
30cc4c37b95567c272f2553902bfb94a,200,1,1459,200,1,3,0
319e993bea451e46930dfda669d49121,1900,1,181,1900,0,2,0
323a93c3986d7dcb90704886445c7c4a,40550,23,57,932650,3,0,0
324ae9b61ad150304e0c113127536e5e,1600,1,1323,1600,1,3,0
3296cdbdbf2fccee86d8325373393255,13850,9,1119,124650,1,0,0
33be85da19222d8cd0cf02f4523db092,30440,11,183,334840,0,2,0
3406ac66cdf85e19195651c3d56ee825,900,3,401,2700,0,2,0
341e7ce66383edc9c9c3050cb6f67e4f,12700,10,730,127000,1,2,0
34483debecb01d2adee06233d17190ac,4840,2,373,9680,0,2,0
345026529ad16dbecd61f9e8eae6127f,9280,4,227,37120,0,2,0
34a77990fc6b6e072f0825569d6200c3,5600,2,168,11200,0,2,0
34b6d7df8108afb7f4e6a0771b176cf4,5070,2,29,10140,0,2,0
34d919312d0ebd9dcbdef05068d5b873,3400,2,1140,6800,1,3,0
34d98cb999d2298a10f86b92af13e4a2,1600,1,980,1600,1,3,0
359ce35290772b55503a55d0204889fc,1600,1,1233,1600,1,3,0
35b5369f6f7e7c408fa65aac213319a1,6000,4,1010,24000,1,3,0
35e9f5bd83ac522ae3ff9d9874a4926e,19020,9,1078,171180,1,0,0
35f4ebd0b4be7aae2ca1e0651d7dbe53,2830,1,184,2830,0,2,0
367cfb1562ffec3eb91aa68198cc7638,21060,7,24,147420,0,2,0
36cdeb8a1a6a037040bef852d4e3266a,7100,3,139,21300,0,2,0
36f2e992b61f5555e42e02bb890b53d3,9900,8,715,79200,1,2,0
371a881d9d9332235970e62839b4460b,6960,3,232,20880,0,2,0
371bf6dfe5ee32a4266d0a1b77f9a292,2800,2,1399,5600,1,3,0
37365f4e9d0d77a54e34babe8217b0c1,15740,7,333,110180,0,2,0
3768d5e62e63d30c3b686ec9e8531d14,3320,1,387,3320,0,2,0
37756e9ae307f9ac4b6c25b7653ed401,6880,4,1045,27520,1,3,0
3795ef7600bea795e21f079cfc06a5a7,8160,4,700,32640,1,2,0
3803f4601ea3a848fa90674ceaffb512,10660,4,29,42640,0,2,0
38e79e62077dfc2e8be5984e52e5c0bf,2480,1,618,2480,0,2,0
39034b3af955d9697268c42a825793b3,2780,1,690,2780,1,2,0
393eece82a6ec2876ac84786e8cf02cf,16000,8,725,128000,1,2,0
39abc89fc618ecefcc144058f0e1ccd2,11250,5,961,56250,1,2,0
39dacb60e63c039ab5d60f3d978176ec,5000,3,553,15000,0,2,0
39f93a094c387ae79b496b602cd7fcd4,1930,1,42,1930,0,2,0
3a0f8c22e64f041b6316f3b1198e0d8a,1980,1,561,1980,0,2,0
3afb57b1cbbddb21d4f3da70da328ca7,8150,3,302,24450,0,2,0
3b171bf51cc88b1a89f0c01a958945cf,550,1,1372,550,1,3,0
3b26eb55a9f10feba7564325182ecc3f,17150,7,147,120050,0,2,0
3b55ddadb107f0c66f41062ab0c63136,4360,2,1069,8720,1,3,0
3c38b7eff2a3ccbe58529de6ca1d9d61,9800,6,1196,58800,1,3,0
3d094022c2ce74d34ffc5df7e0bed816,200,1,749,200,1,2,0
3d3a8c70b1dd758d4ba81a08a33cd5b3,20590,9,529,185310,0,2,0
3d627142c7db5fb74ab46e744b7cc474,20100,10,1039,201000,1,0,0
3db2701d35b8d5386dc9df0f5e1d3f08,4800,3,1303,14400,1,3,0
3de5da9283a6904803b23b031e19d5b0,121590,64,24,7781760,3,0,-1
3df4b7c916e02996ea1694500c1e5f6b,9350,5,779,46750,1,2,0
3e06157de5410e4fc0f8669c4c34b212,18940,10,725,189400,1,0,0
3e8e7948e7c06623c1f42533ece160cf,17640,9,837,158760,1,0,0
3ecd7c205da3da30c1280083f9e62485,4000,2,1089,8000,1,3,0
3f4164723fefa1ac4f594026300f9fa1,12800,8,885,102400,1,2,0
3f4df417239bf00c4f9533044ede0b6e,11380,6,827,68280,1,2,0
3f6ae5b6463a169e0358415a2d7b4868,20260,11,170,222860,0,2,0
40317b10f772b2ecd9b0c588e7070c65,1400,1,1116,1400,1,3,0
40574fb9de2eb789b72a40945f920e35,2220,1,345,2220,0,2,0
407f873f69f95a55e79fd0d2188f2f3a,8200,6,1358,49200,1,3,0
40adf6ede203311c67f0a7cc4b6b3eb1,1980,1,803,1980,1,2,0
40be3ef0e90fbab7a35a90aca1a236ef,16400,9,347,147600,0,2,0
40c84a957b8e1295b43bc808a001c6ca,8950,5,819,44750,1,2,0
40c877ab0f17866ded974c9a28d385f8,4560,2,162,9120,0,2,0
410fbe52ca42d3a9a5423c5b4d280612,3600,2,722,7200,1,2,0
4134efd932445ec785bcad12a07dec6b,550,1,1438,550,1,3,0
413ca1a1d871e17f73ff68f332d1fd1e,10370,6,867,62220,1,2,0
41ca7d1a8af952176f022d47337681a6,1880,1,725,1880,1,2,0
41ce7525da950c4ecd9a5691ebca2892,8400,4,9,33600,0,2,0
429b5e293bcc2ee1620b78d2b53b2e9b,15260,8,435,122080,0,2,0
429fc92e5b7fc14eecf4aa536bb22b56,1780,1,969,1780,1,3,0
42a62ce971f8d293f182f0a2fbe68eaa,2220,1,366,2220,0,2,0
42e28ff1bb751d6c038866167dfe1407,3960,2,923,7920,1,3,0
42eafd9ab9d9477be5a90ba1be5bda0c,2500,1,613,2500,0,2,0
431842a29587e268342b92370559574d,200,1,725,200,1,2,0
43d6ac9133f6ca572779d33a28ea2296,3120,1,476,3120,0,2,0
4460956b9e3984b0416c30ff15ce84ad,13800,7,1095,96600,1,3,0
447af6d08ec59ed90d9758cd42b28fe1,8490,3,23,25470,0,2,0
44c491ec8f028dbaf451639d36b31540,16480,6,134,98880,0,2,0
44f809e372ce5e22fd0efc612f16fd9e,4200,3,1228,12600,1,3,0
4519789382f246fe6746584beff7aec6,2000,1,100,2000,0,2,0
459d865344d1c2e196a8f8cc9b9e72d4,3200,2,1131,6400,1,3,0
45a2834559a4611ee72f9a5ce90a0de0,700,1,1302,700,1,3,0
45baa8ab0a12996ac12e2a83f27e3b0b,10490,4,618,41960,0,2,0
45f1e784f8da81a14f70f4246a5bc72c,3200,2,1193,6400,1,3,0
45f56167a81a83bc12cf6c99d774c577,3800,2,472,7600,0,2,0
4618c4fe83d42bc8a89859eb06361872,3810,1,319,3810,0,2,0
46198ee528dbda82fad53a3fbbe155c7,4600,3,1102,13800,1,3,0
462b3d9b182cfb9332a6b7600e2b8415,3860,2,42,7720,0,2,0
4635264fa27d099fd9fb3403c5c20cb2,14900,4,134,59600,0,2,0
469cb95c54cdf53a22261ee9f5e6f639,3200,2,1197,6400,1,3,0
46d179cbe33cfc1af1a3cb6b565c346c,3000,2,1435,6000,1,3,0
46e5ea264ab989c9189432a7ff15bb13,3840,2,249,7680,0,2,0
46f8dd0fbcaaa12528dbda3227f27656,18080,8,1066,144640,1,0,0
470df576dfdb8026ce474aef7af0f058,4240,2,503,8480,0,2,0
474030a6c65a73e9177e79a5a21657e0,1100,2,1425,2200,1,3,0
47babe58a523577ece9841e28ad335ed,23080,9,595,207720,0,2,0
47c60a1e77dd2d15d14df47a8cc6c156,9000,3,124,27000,0,2,0
48357d6f64575e2d5bbe164f22f19b24,3200,2,1112,6400,1,3,0
483c65e61f97991644a2256a20ae6378,3200,2,1192,6400,1,3,0
483c6cf92ee4be7882a435bd7ca88229,10100,6,646,60600,0,2,0
489f7bf30b18aa656baf4112dbeaddf5,8090,3,118,24270,0,2,0
48b8d1af143e3f9f3a5564c966d43532,2250,1,401,2250,0,2,0
49068ab977ce04372be76da85bb488fe,3000,2,837,6000,1,2,0
495c3539eb075a1fb08f22d1a0ede1d0,5260,3,825,15780,1,2,0
49bd812b5de04e8153139b7958f05015,2600,1,133,2600,0,2,0
4a1c609d33ced0ce3bf15ffbc386c48a,43600,34,1138,1482400,3,0,0
4a2388678da24826bb16d8485ab31f2c,4060,2,695,8120,1,2,0
4aae1536055a0be6219a6d8f14750d40,5060,2,14,10120,0,2,0
4ab2c7c34e819531f98abff0bec3f7c4,11250,5,469,56250,0,2,0
4b30ee2d24656b2cf364269dba5d91a3,1880,1,1054,1880,1,3,0
4b4e7040a1f21fa2e3692ddd43161df4,3200,2,1196,6400,1,3,0
4b75984b76e2458d2b9ce73d6632be39,2220,1,375,2220,0,2,0
4bfbb3604c909dc5cc283614b516788a,3300,2,1198,6600,1,3,0
4de819e838617695ee57e5774a7539eb,1880,1,1003,1880,1,3,0
4e17e80772fef192e228d0cce86f1ddd,16040,8,1057,128320,1,0,0
4ef7cc6183fdacd45a71ba2ec909b75e,3520,1,294,3520,0,2,0
4f5070faf83e5c0f4d616448b7bf8b89,10000,4,17,40000,0,2,0
4fa54ee537ad83fbfb772b46040b26fb,9740,5,784,48700,1,2,0
4fb8e9873291aa58e055cdf5bf3c7bfa,6000,2,315,12000,0,2,0
50df0ab00236bcd70835bae304ace9b6,8820,5,449,44100,0,2,0
50e445f756252cb70427ab6a75f70d48,2620,1,239,2620,0,2,0
50f4a1877d9a6277651b6fc95b1984ec,7040,2,317,14080,0,2,0
5149740d3d3b07e23b304dc973483994,1800,2,940,3600,1,3,0
5154a05470bdfa78a1caaf014ca30484,51100,32,374,1635200,3,0,0
51b0d18528c21fd26118b107834c1ae0,6250,6,541,37500,0,2,0
51b312ab704743ca7a24b3947be2266a,1600,1,1176,1600,1,3,0
524d3dc98f0e4a77503372118532ddfb,4500,2,337,9000,0,2,0
52b3aae33f0f53d65b01b043c8d5bc91,1620,1,200,1620,0,2,0
52edb58e31a7346145576d296168d6e8,18290,8,29,146320,0,2,0
531a7f498d798b38c57812655eab4dee,1600,1,1303,1600,1,3,0
533aa3980064f588da27000ec5292c40,200,1,1304,200,1,3,0
53839cf345ed87d4416ac3ae6dc8d45d,15200,10,1134,152000,1,0,0
539950eed37abc5ba1a73431d8b2ebab,16840,7,184,117880,0,2,0
53b8157e7b3e01b8c235eec541c0a909,4300,4,1134,17200,1,3,0
53cc1d2cd6995968f9d193fbef9e414c,10600,7,1367,74200,1,3,0
540ffa5aa2796c879b3f04d0500110b2,3500,2,750,7000,1,2,0
543081123e598ce3d907ea6ff17ee768,15050,10,1070,150500,1,0,0
5441e5aae878e27f172e43d41767b0b7,2330,1,213,2330,0,2,0
5507dd836bfefc45e27bacab9516cfa2,2480,1,750,2480,1,2,0
555f20d23e2972de56b3fa8fa49c410f,2920,1,39,2920,0,2,0
556716d51e88f2ee024dc3ba5ea7ae35,9500,3,646,28500,0,2,0
55711a0a1d7daa471129155110bbd099,9900,5,420,49500,0,2,0
558ef8c0a61d620802be0998155feab8,9450,5,1043,47250,1,3,0
55aed25983c47497686fb60f633e9943,5260,2,178,10520,0,2,0
56136f5de43a0e3c4230a76eae7753b3,1920,1,420,1920,0,2,0
56812685c3c94d668f6495280fb81b8f,2570,1,318,2570,0,2,0
56ae34c431377a391f5a739357b99014,11000,6,1104,66000,1,3,0
56ba25e1dfb4ecae0678d8eafeaa7368,5260,2,25,10520,0,2,0
56e99ebcf32e67b45a2bc302a3c454f1,3500,2,812,7000,1,2,0
56f3bdfcd8195a61c15b754e2d83049d,5300,2,120,10600,0,2,0
571de3be4d28b8e5d9cda9a0f8e9a6a1,4600,2,330,9200,0,2,0
573efb28d92b20cf5e69764115b5831b,3780,1,760,3780,1,2,0
5748e3be0f8b2fa1578f6e38cec4bb20,3200,2,1170,6400,1,3,0
57644758847001ed9c2cb7c2e99afecc,4460,2,725,8920,1,2,0
5769c2d1c9944146ed1f9f47a60ca403,85350,53,81,4523550,3,0,-1
57e6780d98106b00af5dd15e3e44554e,33500,18,779,603000,3,0,0
584183a9174373097760b7c82b4dd25a,11740,7,851,82180,1,2,0
58a512f0c24489ecd570c61b46377a84,2330,1,214,2330,0,2,0
58c160a39519161216cfbf35fb93011f,2480,1,1017,2480,1,3,0
59083f65e85de6bed3883444ac237e43,23900,11,409,262900,0,2,0
5916b1e93ca8eaf7e383994e3be55e17,1100,2,1407,2200,1,3,0
5933ded381cdf0cb2eed04cebe028f21,4000,2,210,8000,0,2,0
59b4e9c76ca7cb9408ace17fa1cdbc4f,4500,2,477,9000,0,2,0
59ea4182d2f36d1a2438d14c936752a0,2780,1,995,2780,1,3,0
5a42c697e9e9143051e705edc4250205,2450,1,136,2450,0,2,0
5a6a496a14c5c462c554ec64719b77f0,6400,4,259,25600,0,2,0
5a6e21a0764e47d178cc20f56654c6c8,4000,3,1387,12000,1,3,0
5a8d2f7aad1daa0e7cadefedb3fa06aa,5660,2,108,11320,0,2,0
5af6475f7e2f11155abd451e86cdb588,4550,3,837,13650,1,2,0
5b038a13b1ab09a82ea5321a2fe6fa25,30120,17,1072,512040,1,0,0
5b2ba460cf613266a30d98ec7ebc6f9a,7640,5,646,38200,0,2,0
5ba88135ad9ac212749946b1ed97d237,3960,2,715,7920,1,2,0
5bc0a4b9fb89f3cdb6395b4a4ecd715f,1920,1,395,1920,0,2,0
5c1271792e8fcc13a1ac5dd7298387f4,4800,2,124,9600,0,2,0
5c1435b7bb6ea3939caa1ae029dd18ca,2650,1,956,2650,1,3,0
5c66609657234313739e8631c514397e,4140,2,365,8280,0,2,0
5c68eed104c7cf3b6053316e74556da8,4640,2,219,9280,0,2,0
5c73d17675ef0a8c040b494edf4a757f,5100,3,1388,15300,1,3,0
5c92d1fffddc842fa50ebd5db5e5b782,4000,2,23,8000,0,2,0
5cb7655a18ae415cf7ffe255cc96f99e,2780,1,686,2780,1,2,0
5cba924866534a33bb150bc5128f04af,4040,2,521,8080,0,2,0
5cf8c31baa8c47a3242cd6115aebc8d0,1500,1,794,1500,1,2,0
5d485b099131e954b683ed21e9f5d3b8,41000,25,1249,1025000,3,0,0
5df1b301354581b6b06e7b01f6467ca0,1600,1,1154,1600,1,3,0
5e08cf87dea292888572faf3adab311d,5560,2,704,11120,1,2,0
5e2ed9b376b8b41881b2a98452ee16e8,8500,5,218,42500,0,2,0
5e4cd4c22ddbf343f211377776888fe2,7290,3,2,21870,0,2,0
5e80283767d51f403226fa272246e93b,23460,8,134,187680,0,2,0
5f41ae3961dff69aa991fbeb86b7cb4a,2430,1,30,2430,0,2,0
6015cf12f419245d2939e650c2a69044,2250,1,342,2250,0,2,0
607b4f8dc7e14f45413006163fd338a9,16000,11,836,176000,1,0,0
6097bf93eec51025da628f020e49ef58,1600,1,1119,1600,1,3,0
609f5de34ca2cfb953717b1868bbe200,13400,8,447,107200,0,2,0
60a71d3df9811af416cb39b76872c9de,2220,1,468,2220,0,2,0
610aa2b9532d3b577fe8cefc460455f2,3480,1,553,3480,0,2,0
6114da7e52b3501668c94a3c2b8f16f6,1880,1,867,1880,1,2,0
616afeb18ad6d4c2ae7b0dd6aeec8975,10800,5,724,54000,1,2,0
61953d76211eea03db7399323d4baa99,3280,1,646,3280,0,2,0
621c0d5604d08289a0379db6fe0aad3a,3500,2,1341,7000,1,3,0
625f45943fbe12c87ea79a658e4e04d1,31040,15,571,465600,3,0,0
627af707bc4fcccd3d5b2e3e9bd9d0f6,16160,10,907,161600,1,0,0
62910a88acd5406467310c19e635ce1d,15500,8,1187,124000,1,0,0
630236d8d5ddb1954f62933799bd4e26,3520,1,340,3520,0,2,0
63552d7bfe8a8f6d89d7ebccc5491f29,12100,8,1094,96800,1,3,0
637e1e5926fa0479bc2a300ce3920a8c,300,1,618,300,0,2,0
63ece73b10b59916c45c964799df9fa9,4500,2,455,9000,0,2,0
64a57d388285ecb59cfae87d7af1e058,7600,6,1378,45600,1,3,0
64fca628b9d6539b25b5b4f07b7c439f,15350,8,477,122800,0,2,0
6502e0599d1c264c89c1abd6d6991e77,19120,9,1024,172080,1,0,0
65b303cdb3453feed9473e5ede79574d,20520,9,848,184680,1,0,0
65b8e74a412b60c37e78a8b60f66630b,15700,6,121,94200,0,2,0
65c07f02ddfbb918f7f0164f6247bdbd,3120,1,550,3120,0,2,0
669e43f718e6716e6a6328090a3824fe,7600,4,541,30400,0,2,0
66a5b8b83e2853656e69643a5f6e2859,4640,2,214,9280,0,2,0
66e18c94bde2820780369338d6eef6ed,2220,1,356,2220,0,2,0
66f34a8d0aecce81ac7771c6d390fcb4,5980,3,247,17940,0,2,0
692ef66029da006ff7375f4bacbb5f50,7700,5,1366,38500,1,3,0
695724207f0e152329d7a792c3d8a8aa,20000,11,8,220000,0,2,0
69cb2e132918648fc33517d7d778eeed,1200,1,1522,1200,1,3,0
6a1ea694b0a13f88fafeee4c7322e5db,5660,2,685,11320,1,2,0
6a50fbb846513b86f374a28bb9e9ed02,4760,2,260,9520,0,2,0
6a5934f357205f61b76fe2c48194d862,21340,13,98,277420,0,2,0
6a9ab3509617bacb27e8cc5a44419a0e,8600,4,241,34400,0,2,0
6aa90ef35b01897fef6435c3735a53b4,4360,2,381,8720,0,2,0
6b05a67e20e7b0eb0bbb1779f031f633,20200,11,1104,222200,1,0,0
6b6dac6546154b7b1c6eb982b965c632,3500,2,1392,7000,1,3,0
6bebdef98ce615ccac7b9dedfdb6584c,10900,5,134,54500,0,2,0
6bf27a2b776b402556f0fa1ef9301b27,2800,2,1442,5600,1,3,0
6c82faf91fd5e8c325699cf1fff1b2f3,4800,3,1160,14400,1,3,0
6ca0f3f6c49c2d95ffa497ff2b77a962,3000,1,322,3000,0,2,0
6ca6afa90c2c5be9527acdf8dd1e9032,2800,1,700,2800,1,2,0
6d677ec6821a8e2cd57e54375093e270,1550,1,830,1550,1,2,0
6d8a54b3de7f8b5326bd46564ca949cd,1500,1,646,1500,0,2,0
6d9823eadfd9ffbfc8e658e485c1053b,2100,1,167,2100,0,2,0
6db314196332af522a778d344f6d5134,9300,4,480,37200,0,2,0
6ed84ba21ed2c868fe69be2df04d1d47,176650,175,325,30913750,2,1,-1
6edeb62a8fe538c4c94e255ca311d63a,8000,5,1136,40000,1,3,0
6f8645c5626a4d1af4e15c8850ed454c,1880,1,977,1880,1,3,0
71735c7961f22753b2e56f7aee2e74cf,1820,1,392,1820,0,2,0
7214ce8e01a9f222e9dd196470c79e3a,3100,2,1105,6200,1,3,0
72b95ba5f35b8dbf5475d74a4b0e1894,6660,3,321,19980,0,2,0
72cc50d18f4b99f71a65768b1a9798f5,73840,38,850,2805920,3,0,-1
72e73e41a7d40ec3c2a1438937c84b71,1800,1,1089,1800,1,3,0
72e839cc577f0ec4413e5ac76c2922eb,1790,1,1051,1790,1,3,0
73008c7b8c27787ac16241b4dbf651fa,6360,2,668,12720,0,2,0
7324052ed89af85654894d545ac09c00,13200,5,491,66000,0,2,0
7345aea7962fc9105dcc85c0539e6f0c,12500,6,147,75000,0,2,0
7347a195fa8f9a2d20c17b9bc6001759,1650,3,1437,4950,1,3,0
73788f8ea221af13d6f8f7f96be90225,3570,1,333,3570,0,2,0
73c68801d68c043f7c70591c0ddac6d0,23010,12,766,276120,1,0,0
74600f0d699c85042e819fe9cfc0d16d,11960,5,24,59800,0,2,0
7462252138bd3385e3ee9a00a03ba7fa,4540,2,374,9080,0,2,0
748926d66e522066f448f221c8ae3a88,6600,5,1130,33000,1,3,0
749012f5cc894f91e87443570bee5bb6,12500,4,238,50000,0,2,0
7596702084c8c60f3c56f67fb006cc45,3000,1,307,3000,0,2,0
759fb145845d20b3a6275f19465679bb,3200,2,1173,6400,1,3,0
75a79eda99d38a9f261d63d204b66d2e,1800,1,831,1800,1,2,0
75b87397a8e9c319f6c7f2632286a528,1600,1,1289,1600,1,3,0
75e4e49037dd98da5cbc1083771a49e7,1500,1,1127,1500,1,3,0
760ad2ec9d67f58308436f4505700f1f,2850,1,311,2850,0,2,0
76102e08a4a0e5e8fb295f38532b50e9,13800,7,1103,96600,1,3,0
766d1c5515ee39bffe46033196205ce9,18160,10,365,181600,0,2,0
76b89b90035ce8322c3206fdcc0e26d5,10200,6,1136,61200,1,3,0
76e21fe27ca2c28d2d019bb57ed85aba,200,1,867,200,1,2,0
771062a6915ab91b3e310727d51ab06a,6750,3,302,20250,0,2,0
77673cb0edc3a6544764d655a36bcf58,9400,5,746,47000,1,2,0
7773b242a6adb97e8f15e28a8b0bb25d,1880,1,793,1880,1,2,0
77a73c3c59f30acaa759f2f178a8554c,10600,7,704,74200,1,2,0
77ec86e5cb93cad4aa24f9507bd7978a,18140,8,899,145120,1,0,0
77ffcbeabcefcad11f51a7474d5098d5,1600,1,1185,1600,1,3,0
787668503b8c5d81ccd5a73aaa23dfd5,22500,13,1200,292500,1,0,0
79054e068c3101565266059ab225aed7,1600,1,911,1600,1,3,0
79722388f9770128434bc768b15ba6d4,1880,1,856,1880,1,2,0
799a892bd8cd33af37acf7498e14ae86,18580,11,1073,204380,1,0,0
79b0c6a6360383491990db13f3a44cf4,10500,6,837,63000,1,2,0
7a3e6489f0fe0ab547f328709e208879,11400,5,603,57000,0,2,0
7a46f5031b6f9b2d5b59fdd621757e25,7040,2,323,14080,0,2,0
7a5a0fc8759502029e03febc1c426380,3200,2,1152,6400,1,3,0
7b86dd9d66dd144c36a0342a838b5aaa,22080,11,465,242880,0,2,0
7bc7d02a65f3da6fe15e61c0e91da476,19000,12,932,228000,1,0,0
7c5beb365e1c7aec4e5df3388d3f7a11,4360,2,1002,8720,1,3,0
7c6da7f5b6dca39a20e326e57594e51d,2440,1,393,2440,0,2,0
7d14aba364b459bce9d681ea4ca0d62a,19610,7,13,137270,0,2,0
7d3865c1a6391dc6dba9a24575b3826d,6680,4,1041,26720,1,3,0
7da20a46dae72d9a2c7491e1a9f6fc01,7200,3,450,21600,0,2,0
7de082936ec11a5603e051eba0daf66a,3200,2,1185,6400,1,3,0
7de8e55a8f8a662fda42ba80ecfe34b1,3200,2,1327,6400,1,3,0
7e7d047bfa05863afdcd220eb161968e,30300,23,1390,696900,3,0,0
7e944e4c7d13e26191482366caec9cb7,1600,1,1361,1600,1,3,0
7ec67abad059176312501d36f4369b5e,29700,19,373,564300,3,0,0
7f23710e91a65722773835264c9c9eb7,1700,1,1188,1700,1,3,0
7f84856f54d499d0b9a3c25eebb6931d,3200,2,1357,6400,1,3,0
7fbe1c85df4c7322faa38ff8ad02f749,6660,3,484,19980,0,2,0
8007aadac6942cea4002ab5e65a894b8,8150,5,596,40750,0,2,0
8027fdfd2a34c5f4b47a32a78d3e695c,6600,4,581,26400,0,2,0
808cb9ae9eb05c24625f3011f28e5db3,3200,2,1271,6400,1,3,0
80f6f8bba12e0bdfcda96de88ffd3c46,200,1,1427,200,1,3,0
81171684178c55557123b05e43e32b45,5640,3,1050,16920,1,3,0
8152b6ca0d34c54c70fd474aecc08161,14460,6,178,86760,0,2,0
8193b24ab8cfb925a4e156c55387f33e,6540,3,669,19620,0,2,0
81ac10e309d377e62b4fea56fe32108f,3520,1,329,3520,0,2,0
81f8e1b4f9386dcae7a5eba0d728fa98,28650,16,1108,458400,1,0,0
82200fe1f89fda399557f5a7d48a33f1,3520,1,307,3520,0,2,0
823edc91b96277401eaaf2bc7d2e4d30,9880,4,318,39520,0,2,0
827cd5e057788f7e22ee53f411aaca0d,7040,3,646,21120,0,2,0
8286b5541b0d439af387e296ef1176a2,2220,1,464,2220,0,2,0
82e1d67738499fe5b22f11e7a988d89d,1600,1,1222,1600,1,3,0
835c94b8b437c3ec4b07c49cad9c2ca8,9340,4,263,37360,0,2,0
836273758c2b9392a97c97da5c104472,1700,1,1386,1700,1,3,0
842767606329cdc3431c39efb3e77e05,3200,2,715,6400,1,2,0
842e1a05e0f9a17c4380c731f89c195a,3000,1,374,3000,0,2,0
843e1f2d789a1aada342f8bd57f88839,6600,2,596,13200,0,2,0
8488e2e8b309fbf2f341dc6cc2bb79eb,1720,1,1042,1720,1,3,0
849eea1f1b1748072f79ab4aba2d993e,56700,37,477,2097900,3,0,0
84bee9e5df958b32bbe0e47130b98caa,9250,8,1161,74000,1,3,0
852533674ebdec91851c9ddfdee76ac7,4700,2,877,9400,1,2,0
855c477b54aafdefc8babc72a7e2749b,9840,3,626,29520,0,2,0
857208b3a11cc8eca3529b8d3018ed72,4350,3,1105,13050,1,3,0
85e25f5b1fb64f15d2d8d5ddffdfa995,6540,3,739,19620,1,2,0
860b06d6f5fb3f9bb327afc27208915e,11690,7,837,81830,1,2,0
86463fc205ecef1a2579072d9d9dee97,5020,2,269,10040,0,2,0
86646423364ce785a91261f9e78bbc09,3200,2,1098,6400,1,3,0
86ad5a111ca58c0dd40e25fb0fff2842,1600,1,1117,1600,1,3,0
86d6c7bdb277eb68a31bee3433fc97c7,2330,1,204,2330,0,2,0
8730564e7d9ed2cc9f0749ef26d019b5,2280,1,371,2280,0,2,0
87404a293b6c97685888a2a529a544a2,7570,4,78,30280,0,2,0
874d7f92a435d50d908a16df00e0db14,1780,1,857,1780,1,2,0
8753c6c762a16f6aecbc44a3f626d53a,3500,1,338,3500,0,2,0
8763d217040a7e44e60b052302885e77,2820,1,499,2820,0,2,0
87a4fd314c7d8661ba26ec7067fa4230,12600,8,1137,100800,1,3,0
88032c7211743cd5b2a961e8410e103f,27620,16,478,441920,0,0,0
88087fd8e805bbdbd727e021a4cb8b4b,1600,1,1187,1600,1,3,0
888d8f27b593d7c5c92003718d2a0293,1950,1,867,1950,1,2,0
8969bf8820ac3112702f529f7ca6c46c,1800,1,1216,1800,1,3,0
89a27c211b0d2d2c12d915ea4bfe45ea,7700,5,1245,38500,1,3,0
89c7d77b064ad821146a76cb964aef42,7580,4,613,30320,0,2,0
89caece0db29d308df01bc9925ddfb89,3200,2,1364,6400,1,3,0
8a00e9ecbd0437ee435b39c6b69f4e06,1500,1,1207,1500,1,3,0
8a01cabdbb1172055af8dcfcb9324852,3960,2,815,7920,1,2,0
8a2de5e5ce31293fb32b1917e5d6cd9a,2220,1,333,2220,0,2,0
8a798a7ff8666ca2918615c460d0bb95,15280,6,178,91680,0,2,0
8afe02bf5dc6376b0f7116dc9a3d367e,9700,5,368,48500,0,2,0
8b3ec34ed536e1fccaa22546134f4995,1600,2,972,3200,1,3,0
8b95ea830af61ec50b890905b58e4ec2,4900,3,1393,14700,1,3,0
8c84285f928f3f5449a5d27fff976b87,4400,3,1298,13200,1,3,0
8cac0bd63baa2748d4941ac004cf78aa,19940,12,856,239280,1,0,0
8d2d216901d6070258e878613b462319,55540,24,181,1332960,3,0,0
8d4e92cc4e78ac7235479df84b532cb9,49000,33,491,1617000,3,0,0
8e17da6abc4ffa66bd947d5392bbfb22,4800,3,1245,14400,1,3,0
8ed542e3916ab89d900053382e34012a,2400,1,1010,2400,1,3,0
8ef8f39a666b69d4474d90e085ed689b,4360,2,578,8720,0,2,0
8fd09f0ac1edec9ee9473cb3be197688,3000,1,300,3000,0,2,0
8fd8244c2e0027994c9ba81b3ea9f9fc,2830,1,6,2830,0,2,0
901017ca8d784d5f0997d2bd80c5d16c,4450,3,1346,13350,1,3,0
902744d85ed465194ca2592787d49b22,5940,2,401,11880,0,2,0
9041a16d5389a6fc37f085328960fd19,1800,1,1183,1800,1,3,0
9051837117270977a293055fa08c64e7,5100,3,518,15300,0,2,0
905574ff3b2d7026fe4007591bb015ee,4440,2,396,8880,0,2,0
908579a03f10a2d6c35ed16dd5462172,6500,4,1199,26000,1,3,0
909a75169db0e747a0b11bfd5a0ee862,1800,1,646,1800,0,2,0
90e41fad7304e7359e845b03dcce8d71,5660,2,13,11320,0,2,0
9116aa05b4983dfdf7557c0409218670,1100,2,1404,2200,1,3,0
913ca0577f93f80734a5acffa70f776b,3120,1,388,3120,0,2,0
9171e45ac49c49f8a1229cf2a083574d,21000,14,1194,294000,1,0,0
917d0f85ff014ccfa90d3e97ec3e40e2,1920,1,850,1920,1,2,0
917e5ae8eb1627262ade48460f7595b9,3200,2,1183,6400,1,3,0
91b2ce57a748c88bfba8a227f0f08770,5040,2,277,10080,0,2,0
9209e7af156c269fe36eab02771031e1,2820,1,350,2820,0,2,0
9276a8562d3b5726109a758e2066bb5c,6400,4,1137,25600,1,3,0
9384985e1f43b019ad0727147f4fd87d,12400,7,1093,86800,1,3,0
93ffbb91c05a91afb446afbd3e7119f2,3000,2,1433,6000,1,3,0
940ca3f2e4e103e97f33195fa4c8991a,2820,1,315,2820,0,2,0
946c246c31c4459d0cf984d1bceb8345,4800,3,1273,14400,1,3,0
948a0fc5f6287a51d48d030fba0ec972,6600,4,1171,26400,1,3,0
95064e990b85eb7e708be6f286cf708e,2900,1,121,2900,0,2,0
953e9af973168e81012e7e0ec567052c,1850,1,461,1850,0,2,0
956843b8b2fcd57dc8bd264d7e5e81af,13000,8,133,104000,0,2,0
958e604729a5a6926d01f2035a48797e,3200,2,1103,6400,1,3,0
95e430c9792c412103be737178ac5e14,2830,1,121,2830,0,2,0
963e4a0f88d0787d073ca29f59285c37,6520,3,337,19560,0,2,0
9650c0b6a03868e9eb140ce275f08f35,8200,4,439,32800,0,2,0
9681d98bfe1a49f126649c399e4ece44,3520,1,298,3520,0,2,0
96bdc31d2acbe881463e38f5d6f883d9,4600,2,724,9200,1,2,0
96eb4b4b8cda81f94ad1a0aa19103864,44180,21,550,927780,3,0,0
9721b289b44d4945e7f19808076ab870,25720,9,148,231480,0,2,0
975797f8754881087102364d5fdb4dba,1650,3,1430,4950,1,3,0
976a0e6392349853387a588194207f3d,1920,1,360,1920,0,2,0
981e8ba350afa4d90b7da8c5dbfbfd69,3730,2,16,7460,0,2,0
986543d908c5b34c6ee1e5af4bda9605,4800,3,1265,14400,1,3,0
98d15592a13ac50ccbe86bf00fdafeeb,2220,1,344,2220,0,2,0
9a1783768efedb4585ad14aac4215e2b,4200,3,816,12600,1,2,0
9a5acc4de28512445ca84a001822ef9e,2520,1,439,2520,0,2,0
9aea77321277c6ec1d6ad9fcb43bf92a,4000,2,491,8000,0,2,0
9b095927ea859ddc68920115782bd8de,1800,1,1089,1800,1,3,0
9b81801bfa0932529f3186c1caae8ad8,34850,27,703,940950,3,0,0
9b86c6c010611a17c9bfa4b02a12988a,1880,1,867,1880,1,2,0
9bec052e84f7458076c793afe02d39e7,550,1,1427,550,1,3,0
9cc57a16612340a6cf3037d65523ca8a,19400,12,440,232800,0,2,0
9d7120fb0f1c730c734df3e9ecff7af1,1600,1,1102,1600,1,3,0
9dba059adb2645d621f1b4ee74323e7a,2780,2,646,5560,0,2,0
9df4cf5956b6c2bfbf103175c6e4faee,3860,2,51,7720,0,2,0
9e7be077263d422778b15fe40e0bbb09,4850,3,645,14550,0,2,0
9eec1548f4115b9f3ac6be79577f08f7,2100,3,1521,6300,1,3,0
9f54c14e5d33339ca43ea96722b4012d,5400,2,106,10800,0,2,0
9fa047dbc11f0f7ac13ae99b72eeaea5,3500,1,133,3500,0,2,0
9fa9a7d55d6f657a0bf0064bf4edd988,9200,5,852,46000,1,2,0
9fe9e8661fc2eefa7a41593ee9d1aadf,5560,2,634,11120,0,2,0
a0df96c02b0a9186fab6db57fd2f5968,3520,1,321,3520,0,2,0
a13e46c0b772d4df86802059bda0fe60,78650,51,1140,4011150,3,0,-1
a14d8caf59e07ff18b3985cc6f65314e,14350,11,491,157850,0,2,0
a2780cb6b8ff6ef086d4025893f4b654,47080,33,18,1553640,3,0,0
a285d9edddb0fab37709b7270b591717,58550,36,1076,2107800,3,0,0
a3258eb87af29248a349911024ca1738,3400,2,1088,6800,1,3,0
a3d9f2db3549dfc4130c4219f2d56afd,68000,45,202,3060000,3,0,0
a42bafd56a43878a0c4bb5f10a524ea2,1700,1,1388,1700,1,3,0
a4e9d9a3e460b3e67c81b7f668a49863,7380,5,1068,36900,1,3,0
a5561216244e41870005fa364bff450c,3200,2,1099,6400,1,3,0
a59ebd72172143472ce79a524e49b6a9,46040,19,1,874760,3,0,0
a5ed97e985fe2af7d46d672e0eb390ff,2230,1,85,2230,0,2,0
a5fa97cd1a288550ef46465a5fb5ffca,1600,1,1135,1600,1,3,0
a6054337c1f6327ec21ac9b14e89b710,5500,2,367,11000,0,2,0
a66e1d4e950f531b404d419c37243e52,1600,1,812,1600,1,2,0
a6bc19744b3d7e71be220601ed43e02e,6200,4,1057,24800,1,3,0
a713610f93bb0ed1ed80c89e8aab42bc,12800,8,1185,102400,1,3,0
a786e315b25e892b17b08cf37ff8d6ed,13580,6,725,81480,1,2,0
a78e473ded6873688b91ad5436129a32,2220,1,262,2220,0,2,0
a7d1eda9d905616aaf659fdbacc8d8bf,3560,2,1061,7120,1,3,0
a7e44902ee893f6d68cbbee9660a29e9,5000,3,1127,15000,1,3,0
a7ebd97b7dac33ca18c0c77ed56edbe5,23600,15,1236,354000,1,0,0
a7f12c0dc503c6bbb9b1f32fe807d121,3200,2,1130,6400,1,3,0
a7f72f0c92c4f954e94e2b4efee4d42b,6060,3,374,18180,0,2,0
a850b111543bca9b50e67e4ca46f776a,9850,5,715,49250,1,2,0
a9c41f1e174b93b01501e97ef8db076e,3550,1,331,3550,0,2,0
a9ef660230c42336c97858eeb362b0a2,5260,2,106,10520,0,2,0
aa2d6fe0f6b210895089be96e752a171,20500,6,333,123000,0,2,0
aa5ca99931f0498d68340c4abffa077b,1500,1,1208,1500,1,3,0
aa6b16634b809a04177d675692540e16,6960,4,963,27840,1,3,0
aa6c5c76ad9243b595fe278c66614c18,40040,20,515,800800,3,0,0
aabecc78291f06bffe9e6705c41ca735,7200,4,725,28800,1,2,0
ab54e5443ba4a84bb8fdef041744647d,1500,1,646,1500,0,2,0
aba0d06af5afa6ea8dfe30d035b05775,1550,1,1164,1550,1,3,0
abca42d449459b8f93d1ee316f5445db,9850,5,1095,49250,1,3,0
abfaa302587dc11c792eae2623cd9905,2780,1,564,2780,0,2,0
ac39b72e72d4ca3fc634d9c5d6c4ea20,2000,1,988,2000,1,3,0
ac70a5d010b9dc0f6445d5f75ded5a3e,3640,2,365,7280,0,2,0
acb9c18c91c43c1c87dc1f344ae2e949,17220,7,25,120540,0,2,0
ace0af9245d0dec8efaf74a4d2501b15,4040,2,418,8080,0,2,0
ace234c16fedf456faa46c353eb82185,66050,70,122,4623500,3,0,-1
acf71d6b20f4f6857470c40b2aa42d6a,1950,1,435,1950,0,2,0
ad0b1a712b2fa5688430d5f888eea33d,2000,1,700,2000,1,2,0
ad40bcca7ff7871e88324beeb1f09a08,2800,2,1317,5600,1,3,0
ad76f4c3fa917be43a954fa438df5742,2250,1,304,2250,0,2,0
ad95e7cd3b76cf7f69e3c6987944d250,1440,1,924,1440,1,3,0
ae1144f902e545cd9ff47c6fea9290ab,2580,1,816,2580,1,2,0
ae79902bddd5f96cdcb342daca77727e,22980,14,1007,321720,1,0,0
ae7fff0c2ff6ca78e4c0a415a1e64ac2,8810,5,942,44050,1,3,0
ae85c355d8feb03555b93d8151492d5d,11660,7,947,81620,1,2,0
aea2ca8ef552ac0326bd39150f459a4e,4200,3,1299,12600,1,3,0
af0ca3a09f5b2e3c913c91af4a30261a,2850,1,94,2850,0,2,0
af1e51caebc25f794547267219f9669b,7590,3,10,22770,0,2,0
afcf5cd8c1c054007b42771a4ef93764,10500,4,330,42000,0,2,0
afd09d34985faca4067151a2deb3a21d,4800,3,1207,14400,1,3,0
afd3c773456ffc746cd5410a61dad3b7,4900,4,596,19600,0,2,0
b077c2615179de478b2ad5d060927d48,12110,7,767,84770,1,2,0
b0ffeb50ca82e7fbbf51d6c1b610d868,6100,3,1045,18300,1,3,0
b10303bf3d8a362a38098ae6c1464c08,2200,1,954,2200,1,3,0
b15570aaf557d258be41890c263a6c43,1400,1,1443,1400,1,3,0
b191fda08858b6243ce68001373a93fc,1600,1,1147,1600,1,3,0
b1af3d8b640ace566c968b0f76540ec9,3520,1,333,3520,0,2,0
b1b18c2f2a5f7b15564bffb2a038e641,1830,1,214,1830,0,2,0
b1b67e4aa20ea6f960992b7c24c46020,2200,1,592,2200,0,2,0
b1b79124c79b172916e47cc78ca4c33e,33300,21,231,699300,3,0,0
b1dc0145340e29a30a7aab843eeeefed,9500,5,766,47500,1,2,0
b1e505f3d491c8af0a160f3f7d227efe,6790,5,806,33950,1,2,0
b27b9ef5a3de8f89cfde80b121825267,2400,1,1001,2400,1,3,0
b3125a934de92f59166fe539b14e987e,13550,9,704,121950,1,2,0
b3bac4c29bfbc4c3718b484aec3eab31,39700,20,1096,794000,3,0,0
b3be5608fbabb5adaa91d37704e2b479,14000,4,344,56000,0,2,0
b418a889dbddf79bbe6e5c986e50a11e,20900,13,1228,271700,1,0,0
b41ad5e171b971c5a15cc4cde7737567,1500,1,1039,1500,1,3,0
b42f83a70eb1ee3fc6fb2cd85ab18c6a,5700,2,22,11400,0,2,0
b4ad9bbf8ec5000e4defd2f9360d25ee,2780,1,953,2780,1,3,0
b51ea05ca3c8f4e344025d24171d8780,1650,3,1421,4950,1,3,0
b52db819cb46206f9176b7b8a7879e78,4500,3,1260,13500,1,3,0
b5cb63c5d95d572fae54b377008194fe,43030,24,475,1032720,3,0,0
b5cdba778cbc6910796ee3f3c1f6ea9f,2700,3,1399,8100,1,3,0
b62e7fee5069c6658b1d53e168f39873,20850,28,1181,583800,3,0,0
b646263f34ea730126a7d5d87944ffed,6820,3,393,20460,0,2,0
b68188f74b23d46a9f4d6f218b663542,2700,1,504,2700,0,2,0
b6bbcbd78b1b07b7c934cf52ab35d3c8,3000,1,1038,3000,1,3,0
b700e9062fa20723ecd207095b382b66,5240,2,134,10480,0,2,0
b7c4bc716f5da59e5992d5e7523a16d8,24520,12,413,294240,0,2,0
b7d4836380cf7aa280efc8d6cc7959a5,4800,3,1129,14400,1,3,0
b842bcef3cde91ae576bf868a5150c0d,1300,1,141,1300,0,2,0
b950ae4b8b06e1b4c0b7b5d411f132a1,3940,2,837,7880,1,2,0
b99d7ed3dff89c9615438ad4df3836d1,5460,2,165,10920,0,2,0
b9e3b80cd3598f2d5064d502b8c11d74,4440,2,371,8880,0,2,0
ba5590d2e2468adc21cfe541a32fff84,3200,2,617,6400,0,2,0
ba79ea564c156505929ff1383077d9e5,1600,1,1200,1600,1,3,0
bac058c56736c22e6da7d5ddfebd86f3,3520,1,302,3520,0,2,0
bbff71cc9d15f2cf26b75ce61c3ea093,3200,2,1174,6400,1,3,0
bc906b4a896e2e113b95274c3489a92a,6850,3,375,20550,0,2,0
bc9c2e1785e344da81c606379517b65d,2200,4,1425,8800,1,3,0
bd42ed43c8568b108f2849cf11ee9a53,4360,2,694,8720,1,2,0
bd6928babb442044c92e7ff2ff9369ef,3280,1,646,3280,0,2,0
bde8f41bc107c7be6135f9d63c535f5f,3760,2,1024,7520,1,3,0
be707156f2cd52e80dcee994742b981e,3200,2,1249,6400,1,3,0
be83da7aa748ff493f22f2fa4a6f8136,2820,1,373,2820,0,2,0
beb07be222b3944459b0235269f7429d,5490,3,122,16470,0,2,0
beb86f9fd8019f620716d303417aec35,2500,1,981,2500,1,3,0
bee7b5af8f9dbc87081365e6859a4729,17600,11,713,193600,1,0,0
bf23b5c4e9792aba5645b8c1007a6a7e,8760,4,230,35040,0,2,0
bf54093128406c4c6757599c937a2494,49880,25,126,1247000,3,0,0
bf54c4757f5c9e0fb3c7b50ddd8b59a1,4700,4,1413,18800,1,3,0
bf6ba3834b1ef05e24333a4e15cf949a,2830,1,31,2830,0,2,0
bf824a06f50e0081f8620f8338c1b80e,3200,2,1137,6400,1,3,0
bf8a842c6e1d6a921a4bb86dd918fa27,3550,1,347,3550,0,2,0
bff5b6c2a549619088ea9c83ccaec813,250,1,1393,250,1,3,0
c03543ff989d2fe14dac0585413b2a23,1550,1,1393,1550,1,3,0
c18970ac6d9414f9ff90d2b394e7aab8,4400,2,1098,8800,1,3,0
c1a71f279829f7fc5de6308c19a9897d,11420,4,132,45680,0,2,0
c1d5f0180727c91d66aab9872c242e62,12500,9,0,112500,0,2,0
c21b0821a65ec73310835c7c1f62d02f,1800,1,823,1800,1,2,0
c22ee9385121aaa8c4caae5d840b8851,2000,1,414,2000,0,2,0
c243644c766b6dc1c4d5e8128c9aacdb,20900,13,1060,271700,1,0,0
c28c1a6dc8091b6662b44ae01a756cbb,11500,5,121,57500,0,2,0
c2a0f7b6c4946601bbabc41af501f34c,5080,3,988,15240,1,3,0
c2aece717fb39f709b481b4b39f2d343,2200,1,700,2200,1,2,0
c2dca220835fa64bfd22cab3f556a88f,6600,2,210,13200,0,2,0
c333a093d712b0cf42d181aab3d18539,2830,1,28,2830,0,2,0
c33efa9464bc67c963408f8649dd38c6,4200,2,191,8400,0,2,0
c355f7ca9449444f19fd2a03f975e7d4,9900,8,1131,79200,1,3,0
c370941bf5c3a4e351e8e49fb81b0794,13920,7,316,97440,0,2,0
c3734879059f52abda06319fd5f439cf,6400,4,1185,25600,1,3,0
c3f427cc727195de2b817229d71e8650,9450,5,1047,47250,1,3,0
c44dfc1c0966f28cfc33219a0a7ee326,1880,1,960,1880,1,3,0
c52a7b06427c16fb8c4eb74af67dd422,2830,1,20,2830,0,2,0
c54f03fad8a5ebf878657884b9a8931c,1600,1,1181,1600,1,3,0
c56085a203b4ad8d7340831aba1ac769,3200,2,1239,6400,1,3,0
c58033fca7d8ca16932dafa6168add5b,2450,1,202,2450,0,2,0
c5871016e3d8b00b1f0b3bcc19459efc,1700,1,1192,1700,1,3,0
c5fe6813044411a0e3b0071999940bc3,11100,5,491,55500,0,2,0
c64accb6881eb3c0ec7bc13efb2666fb,5400,3,1060,16200,1,3,0
c6d37b1e2a0a1eb0193c7e73f62605b0,4360,2,400,8720,0,2,0
c6f723204164a88a096f796d7083239f,3760,2,1069,7520,1,3,0
c7622b9173ba084d8249db7edb52053c,5400,3,1270,16200,1,3,0
c77456a658f32b4f66690e07cb6a93a0,2450,1,227,2450,0,2,0
c77a43762c57f47c68e89347b9909b6e,5740,3,800,17220,1,2,0
c7889bbfca95b24c017d1fdee29f635b,1920,1,1075,1920,1,3,0
c7e459190133c7666762d7c6656251ec,2830,1,100,2830,0,2,0
c8108c15e42e6d0f7f67ce9fbb199fc1,1600,1,1303,1600,1,3,0
c85631aa6f572ea9ad1755709b1410c3,6500,4,1365,26000,1,3,0
c88ecba91f8ee635bf2df671d0c6bd7e,5000,2,105,10000,0,2,0
c891d5c2f12239caba9107c14beaad6a,6100,4,1033,24400,1,3,0
c91aabda21060dc7144b82eb5a412d3e,400,2,974,800,1,3,0
c91d96a87ac7ff1b7f112cba2638d48c,1600,1,1176,1600,1,3,0
c9b5de22ac5dde2f5df6f9da03e3f2b5,9020,4,86,36080,0,2,0
c9b861095b1d5eac4fe79e9c456c3ca9,4830,2,128,9660,0,2,0
ca07088156a4d5aaea34a0be1dce132e,2520,1,399,2520,0,2,0
ca848501b6765ee28636494b8934d99f,1600,1,1033,1600,1,3,0
caec16fd00c4c4b74987814eafebefa6,1600,1,1150,1600,1,3,0
cb18d2fb5c36ce3c8a8f951fa02a403a,6500,4,704,26000,1,2,0
cb23457cb156596ed8d0fa62220fc609,11300,4,0,45200,0,2,0
cb6f85403013466917d1f150a0890ce7,5750,3,375,17250,0,2,0
cb9b8d43efcf73d44af15d58ca56843e,1700,1,1135,1700,1,3,0
cc1353d24b109e42ca0f71b270c721a7,11920,6,935,71520,1,2,0
ccb04c1d020258e2d80799aac04afeea,13350,5,17,66750,0,2,0
ccfd070cf0c8851be95d7e0f161fb87d,49660,22,745,1092520,3,0,0
cd0972c936255d402c99a99d8a3a9654,2500,1,37,2500,0,2,0
cd0b5b328073c13dd3c1f30258c27beb,17350,9,867,156150,1,0,0
cd48a56fc7d607a86a17db666d9ab462,9420,5,770,47100,1,2,0
cd6366e92dea4b9ba26ef6dce48b3b23,18600,7,118,130200,0,2,0
cd6cfaa18f7c4d61eb1ac6978e20a7cf,6800,4,518,27200,0,2,0
cd9cac455d7d66e0f65cf7c2086512ab,4460,2,190,8920,0,2,0
cddb70100194f67052b4f527c21bd4b0,4860,2,170,9720,0,2,0
cdf2ce6b48a7ba9cbecfea95777ce205,1150,1,837,1150,1,2,0
cdfae18cd8df2b88c2cc8ab1dc18ecd4,78050,48,440,3746400,3,0,-1
cef59c6c8a282ac928ddbecbb8a56094,4990,3,491,14970,0,2,0
cf1b16d0f002c310e55f575fd60c1ae6,15380,7,704,107660,1,2,0
cf3316564f8a15ab574cd4945b9a41f2,1880,1,990,1880,1,3,0
cfc8bc5ec49ea0050ca157452c17506c,17240,7,308,120680,0,2,0
d011df0176068b6c86a8cb7f3433f843,6700,4,1395,26800,1,3,0
d0340b9454eefcfd3c9bcb4c1f89823e,2320,1,867,2320,1,2,0
d04d5f5a891a4b00f8fe4894cf151fd4,1700,1,1140,1700,1,3,0
d079f7e85fe99b3138ab46cc2f0ad72f,15800,7,210,110600,0,2,0
d1c660842dd0a239509cfaad963d29a7,1600,1,1305,1600,1,3,0
d20baa7700d490ea49a6fde7692859d7,3000,2,596,6000,0,2,0
d32c130f359570fc2e5bc7a690afecfb,1880,1,1079,1880,1,3,0
d3b905785bb84e8fb854d3ec14124e47,48490,22,491,1066780,3,0,0
d3c65b0db40e8a5180f8cab382146a2b,12000,7,868,84000,1,2,0
d3ebe9e692ad38da2e5821ebbdbc606c,6920,6,298,41520,0,2,0
d4062de9cb13d0c2783925795819d270,2200,1,581,2200,0,2,0
d45c93df9e0e14313b6383b69da2833e,2430,1,36,2430,0,2,0
d46b08e5fb9182926685ffbb651a6957,10300,4,113,41200,0,2,0
d4914c8a6836531def13d8baebcaf0ea,13600,12,415,163200,0,2,0
d4fd09d64f483abacdcdc4c1bbc4b22e,2220,1,346,2220,0,2,0
d53ebb156d73c9923deb7b8641459440,3500,2,1392,7000,1,3,0
d55ba0c5115500e9e37cf38915f46f11,1600,1,1290,1600,1,3,0
d585b3118c2297236f8d081937f6d2f0,37000,21,348,777000,3,0,0
d59dbae0d8b2c82e21e400b7c82da8a0,7700,3,181,23100,0,2,0
d5a456f57f4b9155ecd3bb8841f16664,3520,1,308,3520,0,2,0
d5d3b451e495c504e364175579fea67d,2600,1,193,2600,0,2,0
d62c0969c0b4a5916318cc53c664c332,6350,3,277,19050,0,2,0
d6a0896d14d8761f2111ac99756b656b,6340,3,1059,19020,1,3,0
d6be43470db9033f8819eaedd967d479,14090,6,22,84540,0,2,0
d76d5b221d0aba1b5e2a18dd919ccd63,1800,1,715,1800,1,2,0
d7a6da4ed00504d11dacbf67c643e566,2000,1,535,2000,0,2,0
d835f0f422bfb86e5272a95fae5ca4fb,1650,3,1411,4950,1,3,0
d88a0ed5fecb1ba13671d88385e6f4c4,2750,2,486,5500,0,2,0
d8e4e773265a665628b2ecae95ca876c,15570,7,625,108990,0,2,0
d8ebe16002104378fc304acd0d2a48c9,10550,5,867,52750,1,2,0
d8f356cd20d04e214a1c798098323e92,2220,1,374,2220,0,2,0
d9233f22e17a331465be10e1d1e52e81,2700,1,528,2700,0,2,0
d9a5305d15be3f9a9696ccd97be3e33e,5400,2,128,10800,0,2,0
d9ad0540ff89ecab19496a821b8e7a3a,2370,1,779,2370,1,2,0
d9e14298b255f9780764c12b9cb737f5,7500,3,7,22500,0,2,0
da000d5a830fb030b98c240a124027f4,3980,2,817,7960,1,2,0
da0d621127078415b91cd39cd8ea804e,5460,2,563,10920,0,2,0
da270c9f68314d3b937b407970366015,400,2,441,800,0,2,0
db2ef65a560efb869a6fb5a87cd3897c,1300,1,646,1300,0,2,0
db677e959daca21960505ca269af1b81,1900,1,986,1900,1,3,0
dc26e5b66caf61d64b8afef1646667c7,2220,1,549,2220,0,2,0
dc3f144be10dff2c38519749f1c6a113,2500,1,142,2500,0,2,0
dc853ac1d19911de1bbe68a743f2dc02,3100,2,1127,6200,1,3,0
dc8d9c2a539be9dbf914849a0b60934b,12090,5,39,60450,0,2,0
dccb76c8b9be3bc722866fd702e82246,3000,1,333,3000,0,2,0
dcd1a660095cb0405e8e346daaf9d5ef,2110,1,1064,2110,1,3,0
dd8cb4cf07133e9b6bfcec1d81f48a28,1600,1,725,1600,1,2,0
dde0e30520486164173fbc545e67ec8b,6040,3,359,18120,0,2,0
de4ac2d762224eb21d7874f4caaa8715,6990,3,86,20970,0,2,0
dea988c37b67a9db3cb1ec79a45ebb0f,5640,3,682,16920,0,2,0
def286bfcd5d940703666a2c8ae13290,7500,5,193,37500,0,2,0
df3eeaba6d74e572ce774821432f5ce3,5700,3,1089,17100,1,3,0
dfae6aa55bd156d3a53cb4fb2af8331e,5400,2,16,10800,0,2,0
dfb0ee303c8b4c3fe803683b39b25f26,2250,1,421,2250,0,2,0
dfc39509406b820ce07b1368d64d6fcc,13620,8,360,108960,0,2,0
e02e95b14cb404786f6efa0d27d49eab,750,1,1344,750,1,3,0
e05a0c266c04b558f6d333d852d7996b,1920,1,312,1920,0,2,0
e07d11ced820abf44f66a258337da038,35300,20,1098,706000,3,0,0
e08cfb4a9a4988127873a1a8cdc60f6b,7420,4,848,29680,1,2,0
e0b1f3afe8d51a65d465d49243d30cc7,4200,2,512,8400,0,2,0
e124810e6143b6a6bd6407d75290ead9,2830,1,122,2830,0,2,0
e1484363a3ecdf5bb603967ca90b4cca,10360,6,837,62160,1,2,0
e175ce670a5a780475507a21b7932e9c,3200,2,1094,6400,1,3,0
e1b03bb6eff37ee272647a9f178a30bc,6400,4,1100,25600,1,3,0
e1b93eb1e379cbdc430c754e355c506a,7420,4,1060,29680,1,3,0
e1c7775e2da85a625496163e75f51e70,4800,3,1152,14400,1,3,0
e1f0a4e5f4f26bb949b8fb6b38034bdd,1500,1,757,1500,1,2,0
e1f496474a58bcf9004c391e34288236,2750,5,1400,13750,1,3,0
e24e070ddbcfa7e0b7a3b6cdacd07c3c,20700,11,346,227700,0,2,0
e25524964801eb96c815a4fc7ee74376,6280,2,634,12560,0,2,0
e2652d79dda37c5f945f9ec6ddf9b664,3520,1,330,3520,0,2,0
e28a3d7a32b48afb9da784dcfdcc1364,1600,1,981,1600,1,3,0
e2bc81c0f7a0f579f6f16741b5a9b43d,29240,12,134,350880,0,2,0
e2f6e8ef99203d4a39548b4c2974443b,18250,14,1138,255500,1,0,0
e370a7e7b3279b9a834c5e3f714e51d5,26320,16,837,421120,1,0,0
e3c22c8e0ee0d568f5732dcebb58997a,25500,12,366,306000,0,2,0
e40d53d4e46070fdd05b55e78211667b,3500,2,643,7000,0,2,0
e42ef9ce63c1cfe419a55363f5165138,6920,4,786,27680,1,2,0
e45ef3298ea8b420a6f105c4d10a62b2,2530,1,198,2530,0,2,0
e51ef33a29d9d4c34a7ebe4329e4d9ba,6100,4,1199,24400,1,3,0
e52fcb22ee5803f1528092c0a9dd7d36,5660,2,111,11320,0,2,0
e59a22b630833d5291fd2003afd193fe,16000,10,1188,160000,1,0,0
e5bdd97c11eb89951bfa8932746d3927,60600,40,146,2424000,3,0,0
e5d67dca42397932429bc216e8cd5c0f,16500,8,867,132000,1,0,0
e644d5b53630fe0530e6e95477f0b90e,12180,6,833,73080,1,2,0
e6a49faafa5a44189a6df46c74658bc1,14070,4,277,56280,0,2,0
e6da5b52b11b98f0603c11616a8376c0,8980,3,120,26940,0,2,0
e76fcc4bf473019264de59b010d93ca3,2200,2,259,4400,0,2,0
e7b2477bcda88e6344569bda92e4cdf7,2220,1,263,2220,0,2,0
e81b9d54e6e99da2696c98e03f19a04b,5240,3,613,15720,0,2,0
e8dce8a7a76fdb971ddda0f3fdda139c,7500,5,1444,37500,1,3,0
e8f591d56851ea8a36cb9a48d798693a,3200,2,1243,6400,1,3,0
e92bee6d1507a885029e4aadadd498cc,7360,2,277,14720,0,2,0
e9415623aa55badb600b8781a5492ad3,8090,3,16,24270,0,2,0
e96a5cf9631d3194c1b058b59fb1f16f,1920,1,443,1920,0,2,0
e9df2d05f43b6a571a7decc4cdef9da9,1600,1,1352,1600,1,3,0
e9f438549dabb35f34276411158a0f61,5260,2,11,10520,0,2,0
e9f7e6a9cea48ab1f32f9e0242408baa,7460,3,134,22380,0,2,0
e9f9c11a36ea71c5b1904ea7317519d9,3280,1,590,3280,0,2,0
ead94fdf18f8625e03c5e44eeb263dcc,4140,2,359,8280,0,2,0
eb14d902cc63a10d9892a0957989bb60,5640,3,1081,16920,1,3,0
eb7ba3d9e42cea13a20196e4c95288f4,10980,6,589,65880,0,2,0
eb8bb1fc90b01e408fa5edb24a9bd837,4900,4,563,19600,0,2,0
eb92434ddbd77e57d160d1865dc07ad3,4440,2,373,8880,0,2,0
ebaab5c8b2fdc8a3a32d61b3f3997174,1200,2,324,2400,0,2,0
ec3f26fe5ea6ced8adc9d6c72ff746b5,7750,5,1327,38750,1,3,0
ec42d1ab9029453011f0edeb5f823744,3860,2,708,7720,1,2,0
ec67058cd40c5f831319a73d3ecbc6c5,14000,8,779,112000,1,2,0
ec697083f4b5fd7055affe8f2050f7bb,2220,1,395,2220,0,2,0
ec8a5c0f737405411dae68574441a0f0,8400,4,294,33600,0,2,0
ecac1e024ff138cb589b45665c8a1cf1,1000,2,1413,2000,1,3,0
ed158bdb7fe204243f81aad50e5e0f8e,48300,22,183,1062600,3,0,0
ed15fdb3148c7b3e8a494ad3121f02e1,7040,2,345,14080,0,2,0
ed2c9bd8fed81c445ee02dc72dc27071,1950,1,38,1950,0,2,0
ed2fd30033777a0b2cf30810d9d6b944,3520,1,329,3520,0,2,0
ed973adfa2a6b52b56f6d38a12f54e7a,45650,24,6,1095600,3,0,0
eda2f05c9e75b934e75c5e3ad9836510,19500,13,769,253500,1,0,0
edc3351f5bb1b462d17f9b9378cac613,3200,2,1178,6400,1,3,0
edd301479fbaea8c081ea81bbd01b1e9,4400,2,1026,8800,1,3,0
edf9e82e3bb24c94b867b093b0097698,5840,2,491,11680,0,2,0
edfc509ff00e65b6fb2368c61d9936a4,2500,1,15,2500,0,2,0
ee100b477ca5c03f768ec0436eae833a,6320,4,1039,25280,1,3,0
ee322cc12a76f6b3f4eff24451e8e0a0,9400,6,1246,56400,1,3,0
eea2b6117610299ad1dd9646b8da1266,47090,22,450,1035980,3,0,0
eeac10c69e3bd8338fec616812130063,8400,3,183,25200,0,2,0
eef5dde779df5e39a1ff3a0157cd26f8,4000,2,1095,8000,1,3,0
ef38f5d3c783292d7dd9330edc6cc40b,4360,2,564,8720,0,2,0
efcfa04783a8d71d6655e0528f75cea9,500,1,401,500,0,2,0
efe1271541ac840b19de3c413f2d90f3,16740,9,74,150660,0,2,0
f0305590949fd92372bb3d9fa46859bf,2220,1,366,2220,0,2,0
f0394eae3900f0c0299fa99e17cdd2cc,26750,13,456,347750,0,2,0
f07085a171d3d70e530e420a40aec8f3,1880,1,759,1880,1,2,0
f106e0afce6589d7716be43e43b39af7,2880,1,170,2880,0,2,0
f165614e3339da4437d3b3a0f1bb58b4,1800,1,1351,1800,1,3,0
f19b8a2719f9b633e553035486e957d8,9500,5,695,47500,1,2,0
f20c2afdee6df820051e27b1171dbbfa,7050,3,386,21150,0,2,0
f2570598b988ae3ff5e9fdf8c2a31d17,4500,3,1445,13500,1,3,0
f25d73140a7b00b569bd140c70291116,20350,9,484,183150,0,2,0
f2b366f52985c60646f4126b0faf7e95,2000,2,379,4000,0,2,0
f2e73eef337eafc50149e65379a8694f,31800,13,134,413400,0,2,0
f33936bbf0c041e93925faceb4cac05e,5300,3,1359,15900,1,3,0
f351ff56e7c36465a40838d4c280df09,3520,1,312,3520,0,2,0
f355ea48a122c088d44598d2018b88d9,8900,5,1360,44500,1,3,0
f36ecd895ae72b7df6bca137db5a0f50,26840,13,277,348920,0,2,0
f3771d9cb0631780a909619ba42f228f,4040,2,241,8080,0,2,0
f3851455e2f8aec4248c34e9908f884d,23900,14,1103,334600,1,0,0
f3a8274e599cf3dce03fc74f5b24096f,8690,3,20,26070,0,2,0
f3b2c6c08b114d33e516e592debbb694,6000,3,158,18000,0,2,0
f3cce5a854fe5a045d1a794ac24db749,12000,4,24,48000,0,2,0
f3d441fda8434945c19833a256463223,4100,2,1028,8200,1,3,0
f3ddb064ef41ddd29df035a30a2ee479,11170,6,837,67020,1,2,0
f423bc7a74a534e2f3eb64c4e710f497,4000,2,763,8000,1,2,0
f4331f7c57e660a346e281017ac7146a,12800,8,1310,102400,1,3,0
f455745367402305a7b1a1326def0ca1,2830,1,22,2830,0,2,0
f5a8a201852b0f260c3bbd40d25d35e9,8600,3,18,25800,0,2,0
f61fb6084efd418d9e3699bc60789416,8700,6,415,52200,0,2,0
f65204ba51806174d0e35fd11b353d8a,4000,2,21,8000,0,2,0
f6aa6dd9e32555e039efb03985109756,8880,4,363,35520,0,2,0
f6b2a331e6c4f341ff96eb933ffb9ada,11200,6,979,67200,1,2,0
f6b2e69e37acb71f0830f020d30b05c1,3300,3,18,9900,0,2,0
f6c5e2006b7afebb2af0f8c3cc2f6a62,32540,18,465,585720,3,0,0
f7188c5706e6fca0a0c97e002ff520e6,4960,2,933,9920,1,3,0
f73052d4ee68baf33f9c5146405fa4b8,1100,2,1404,2200,1,3,0
f74f60ad44c4ec3626785e667064c4ab,6720,2,340,13440,0,2,0
f7615ea5335df9ce23ba9ae875be2e80,3600,2,798,7200,1,2,0
f79ae36288b7d854064f81eeb2ee1479,3560,2,646,7120,0,2,0
f85644b6f0299c9afbaf92633254d3e9,3300,6,1422,19800,1,3,0
f8a3e16454935bc798dc05add24a7f5f,24150,14,1250,338100,1,0,0
f8f173952211eaae5abc7d8289fe3757,5060,2,1079,10120,1,3,0
f90542131185b53320c9d8e4ff80d852,5300,3,1238,15900,1,3,0
f90d4d4fd98735f7e24046a0cf0f44db,4860,2,121,9720,0,2,0
f93f4ad003bd22b0d9bf9974d24fb7c6,6560,2,618,13120,0,2,0
f9e61710461b986949233644657bf139,1980,1,688,1980,1,2,0
f9f7566aa22feb2f6e5f96de86aee248,4960,2,67,9920,0,2,0
fa41e6c9ebdd0ab25430b3fb2f6e7c9b,200,1,743,200,1,2,0
fa4c6d7084502bb0f82b32a9f5e2b44e,2000,1,1416,2000,1,3,0
fa7033fa5fac49260c68364cca00f9ed,15260,9,120,137340,0,2,0
fa722fe535f605807ef34bbe06e11a05,1880,1,970,1880,1,3,0
faac0f0713aed67f9f78ccd140c3bf16,2320,1,219,2320,0,2,0
faf033c8498622ca9c90a4c9ec5b635a,18100,11,136,199100,0,2,0
fb3e36cdec3990b1ec69c69dfc079491,3000,2,172,6000,0,2,0
fb6b7f9e28f318539f3df5c076f26640,6300,4,1177,25200,1,3,0
fb7b0b81bcbdee9e4fdf84365719ef68,3280,1,646,3280,0,2,0
fba5a55ab5d70b1beb811077d7bc900b,3000,1,93,3000,0,2,0
fc72ece61e40ccf18276295775a85581,10780,6,766,64680,1,2,0
fc974f711b72379f8a9c0626a38ad897,13500,6,455,81000,0,2,0
fca5c1c03e136d65bad15b4691c78639,2000,1,156,2000,0,2,0
fcec1fe5665f5f075bf840fa70449143,2500,1,456,2500,0,2,0
fcfe6bdde574887454dcd5d8807bf19f,1350,1,1345,1350,1,3,0
fd1d9c623d972a6d562a5217bd4127bc,2830,1,132,2830,0,2,0
fd41fa2ffdd91d59e4ae72434550eac0,2200,4,1434,8800,1,3,0
fd747a2e142efb3beb3a6d6d4affa5ee,1880,1,1014,1880,1,3,0
fda3f7752676421c7103b9dde7d7fc7b,4440,2,345,8880,0,2,0
fe14aaed4a0457f4fc7bbba1d3b0d70e,4440,2,442,8880,0,2,0
fe5d80ad5f99ec76264b47554dbd2a7b,10050,6,1105,60300,1,3,0
fe80de0b04ae1ad8aed7a1a0daa4ac09,11200,7,1107,78400,1,3,0
feac37065e7514578ed113a02339f01a,8000,5,1316,40000,1,3,0
ff2e8ee8a6fc774b767bd59f42340c66,1600,1,1047,1600,1,3,0
ff79a7e11fe2d4aaf778be2844b688c9,7490,3,157,22470,0,2,0
ffe4cd311331773b47c064bc456f6d1d,4560,2,1057,9120,1,3,0
